table_name,grantee,privilege_type,is_grantable
account_analytics,authenticated,MAINTAIN,f
account_analytics,authenticated,REFERENCES,f
account_analytics,authenticated,SELECT,f
account_analytics,authenticated,TRIGGER,f
account_analytics,authenticated,TRUNCATE,f
account_analytics,postgres,DELETE,f
account_analytics,postgres,INSERT,f
account_analytics,postgres,MAINTAIN,f
account_analytics,postgres,REFERENCES,f
account_analytics,postgres,SELECT,f
account_analytics,postgres,TRIGGER,f
account_analytics,postgres,TRUNCATE,f
account_analytics,postgres,UPDATE,f
account_analytics,service_role,DELETE,f
account_analytics,service_role,INSERT,f
account_analytics,service_role,MAINTAIN,f
account_analytics,service_role,REFERENCES,f
account_analytics,service_role,SELECT,f
account_analytics,service_role,TRIGGER,f
account_analytics,service_role,TRUNCATE,f
account_analytics,service_role,UPDATE,f
analytics_snapshots,authenticated,DELETE,f
analytics_snapshots,authenticated,INSERT,f
analytics_snapshots,authenticated,MAINTAIN,f
analytics_snapshots,authenticated,REFERENCES,f
analytics_snapshots,authenticated,SELECT,f
analytics_snapshots,authenticated,TRIGGER,f
analytics_snapshots,authenticated,TRUNCATE,f
analytics_snapshots,authenticated,UPDATE,f
analytics_snapshots,postgres,DELETE,f
analytics_snapshots,postgres,INSERT,f
analytics_snapshots,postgres,MAINTAIN,f
analytics_snapshots,postgres,REFERENCES,f
analytics_snapshots,postgres,SELECT,f
analytics_snapshots,postgres,TRIGGER,f
analytics_snapshots,postgres,TRUNCATE,f
analytics_snapshots,postgres,UPDATE,f
analytics_snapshots,service_role,DELETE,f
analytics_snapshots,service_role,INSERT,f
analytics_snapshots,service_role,MAINTAIN,f
analytics_snapshots,service_role,REFERENCES,f
analytics_snapshots,service_role,SELECT,f
analytics_snapshots,service_role,TRIGGER,f
analytics_snapshots,service_role,TRUNCATE,f
analytics_snapshots,service_role,UPDATE,f
automation_events,authenticated,SELECT,f
automation_events,postgres,DELETE,f
automation_events,postgres,INSERT,f
automation_events,postgres,MAINTAIN,f
automation_events,postgres,REFERENCES,f
automation_events,postgres,SELECT,f
automation_events,postgres,TRIGGER,f
automation_events,postgres,TRUNCATE,f
automation_events,postgres,UPDATE,f
automation_events,service_role,DELETE,f
automation_events,service_role,INSERT,f
automation_events,service_role,MAINTAIN,f
automation_events,service_role,REFERENCES,f
automation_events,service_role,SELECT,f
automation_events,service_role,TRIGGER,f
automation_events,service_role,TRUNCATE,f
automation_events,service_role,UPDATE,f
automation_logs,authenticated,DELETE,f
automation_logs,authenticated,INSERT,f
automation_logs,authenticated,MAINTAIN,f
automation_logs,authenticated,REFERENCES,f
automation_logs,authenticated,SELECT,f
automation_logs,authenticated,TRIGGER,f
automation_logs,authenticated,TRUNCATE,f
automation_logs,authenticated,UPDATE,f
automation_logs,postgres,DELETE,f
automation_logs,postgres,INSERT,f
automation_logs,postgres,MAINTAIN,f
automation_logs,postgres,REFERENCES,f
automation_logs,postgres,SELECT,f
automation_logs,postgres,TRIGGER,f
automation_logs,postgres,TRUNCATE,f
automation_logs,postgres,UPDATE,f
automation_logs,service_role,DELETE,f
automation_logs,service_role,INSERT,f
automation_logs,service_role,MAINTAIN,f
automation_logs,service_role,REFERENCES,f
automation_logs,service_role,SELECT,f
automation_logs,service_role,TRIGGER,f
automation_logs,service_role,TRUNCATE,f
automation_logs,service_role,UPDATE,f
automation_node_runs,authenticated,SELECT,f
automation_node_runs,postgres,DELETE,f
automation_node_runs,postgres,INSERT,f
automation_node_runs,postgres,MAINTAIN,f
automation_node_runs,postgres,REFERENCES,f
automation_node_runs,postgres,SELECT,f
automation_node_runs,postgres,TRIGGER,f
automation_node_runs,postgres,TRUNCATE,f
automation_node_runs,postgres,UPDATE,f
automation_node_runs,service_role,DELETE,f
automation_node_runs,service_role,INSERT,f
automation_node_runs,service_role,MAINTAIN,f
automation_node_runs,service_role,REFERENCES,f
automation_node_runs,service_role,SELECT,f
automation_node_runs,service_role,TRIGGER,f
automation_node_runs,service_role,TRUNCATE,f
automation_node_runs,service_role,UPDATE,f
automation_runs,authenticated,SELECT,f
automation_runs,postgres,DELETE,f
automation_runs,postgres,INSERT,f
automation_runs,postgres,MAINTAIN,f
automation_runs,postgres,REFERENCES,f
automation_runs,postgres,SELECT,f
automation_runs,postgres,TRIGGER,f
automation_runs,postgres,TRUNCATE,f
automation_runs,postgres,UPDATE,f
automation_runs,service_role,DELETE,f
automation_runs,service_role,INSERT,f
automation_runs,service_role,MAINTAIN,f
automation_runs,service_role,REFERENCES,f
automation_runs,service_role,SELECT,f
automation_runs,service_role,TRIGGER,f
automation_runs,service_role,TRUNCATE,f
automation_runs,service_role,UPDATE,f
automation_scheduled_executions,authenticated,DELETE,f
automation_scheduled_executions,authenticated,INSERT,f
automation_scheduled_executions,authenticated,MAINTAIN,f
automation_scheduled_executions,authenticated,REFERENCES,f
automation_scheduled_executions,authenticated,SELECT,f
automation_scheduled_executions,authenticated,TRIGGER,f
automation_scheduled_executions,authenticated,TRUNCATE,f
automation_scheduled_executions,authenticated,UPDATE,f
automation_scheduled_executions,postgres,DELETE,f
automation_scheduled_executions,postgres,INSERT,f
automation_scheduled_executions,postgres,MAINTAIN,f
automation_scheduled_executions,postgres,REFERENCES,f
automation_scheduled_executions,postgres,SELECT,f
automation_scheduled_executions,postgres,TRIGGER,f
automation_scheduled_executions,postgres,TRUNCATE,f
automation_scheduled_executions,postgres,UPDATE,f
automation_scheduled_executions,service_role,DELETE,f
automation_scheduled_executions,service_role,INSERT,f
automation_scheduled_executions,service_role,MAINTAIN,f
automation_scheduled_executions,service_role,REFERENCES,f
automation_scheduled_executions,service_role,SELECT,f
automation_scheduled_executions,service_role,TRIGGER,f
automation_scheduled_executions,service_role,TRUNCATE,f
automation_scheduled_executions,service_role,UPDATE,f
automations,authenticated,DELETE,f
automations,authenticated,INSERT,f
automations,authenticated,MAINTAIN,f
automations,authenticated,REFERENCES,f
automations,authenticated,SELECT,f
automations,authenticated,TRIGGER,f
automations,authenticated,TRUNCATE,f
automations,authenticated,UPDATE,f
automations,postgres,DELETE,f
automations,postgres,INSERT,f
automations,postgres,MAINTAIN,f
automations,postgres,REFERENCES,f
automations,postgres,SELECT,f
automations,postgres,TRIGGER,f
automations,postgres,TRUNCATE,f
automations,postgres,UPDATE,f
automations,service_role,DELETE,f
automations,service_role,INSERT,f
automations,service_role,MAINTAIN,f
automations,service_role,REFERENCES,f
automations,service_role,SELECT,f
automations,service_role,TRIGGER,f
automations,service_role,TRUNCATE,f
automations,service_role,UPDATE,f
chat_sessions,authenticated,DELETE,f
chat_sessions,authenticated,INSERT,f
chat_sessions,authenticated,MAINTAIN,f
chat_sessions,authenticated,REFERENCES,f
chat_sessions,authenticated,SELECT,f
chat_sessions,authenticated,TRIGGER,f
chat_sessions,authenticated,TRUNCATE,f
chat_sessions,authenticated,UPDATE,f
chat_sessions,postgres,DELETE,f
chat_sessions,postgres,INSERT,f
chat_sessions,postgres,MAINTAIN,f
chat_sessions,postgres,REFERENCES,f
chat_sessions,postgres,SELECT,f
chat_sessions,postgres,TRIGGER,f
chat_sessions,postgres,TRUNCATE,f
chat_sessions,postgres,UPDATE,f
chat_sessions,service_role,DELETE,f
chat_sessions,service_role,INSERT,f
chat_sessions,service_role,MAINTAIN,f
chat_sessions,service_role,REFERENCES,f
chat_sessions,service_role,SELECT,f
chat_sessions,service_role,TRIGGER,f
chat_sessions,service_role,TRUNCATE,f
chat_sessions,service_role,UPDATE,f
comments,authenticated,DELETE,f
comments,authenticated,INSERT,f
comments,authenticated,MAINTAIN,f
comments,authenticated,REFERENCES,f
comments,authenticated,SELECT,f
comments,authenticated,TRIGGER,f
comments,authenticated,TRUNCATE,f
comments,authenticated,UPDATE,f
comments,postgres,DELETE,f
comments,postgres,INSERT,f
comments,postgres,MAINTAIN,f
comments,postgres,REFERENCES,f
comments,postgres,SELECT,f
comments,postgres,TRIGGER,f
comments,postgres,TRUNCATE,f
comments,postgres,UPDATE,f
comments,service_role,DELETE,f
comments,service_role,INSERT,f
comments,service_role,MAINTAIN,f
comments,service_role,REFERENCES,f
comments,service_role,SELECT,f
comments,service_role,TRIGGER,f
comments,service_role,TRUNCATE,f
comments,service_role,UPDATE,f
conversations,authenticated,DELETE,f
conversations,authenticated,INSERT,f
conversations,authenticated,MAINTAIN,f
conversations,authenticated,REFERENCES,f
conversations,authenticated,SELECT,f
conversations,authenticated,TRIGGER,f
conversations,authenticated,TRUNCATE,f
conversations,authenticated,UPDATE,f
conversations,postgres,DELETE,f
conversations,postgres,INSERT,f
conversations,postgres,MAINTAIN,f
conversations,postgres,REFERENCES,f
conversations,postgres,SELECT,f
conversations,postgres,TRIGGER,f
conversations,postgres,TRUNCATE,f
conversations,postgres,UPDATE,f
conversations,service_role,DELETE,f
conversations,service_role,INSERT,f
conversations,service_role,MAINTAIN,f
conversations,service_role,REFERENCES,f
conversations,service_role,SELECT,f
conversations,service_role,TRIGGER,f
conversations,service_role,TRUNCATE,f
conversations,service_role,UPDATE,f
external_services,authenticated,DELETE,f
external_services,authenticated,INSERT,f
external_services,authenticated,MAINTAIN,f
external_services,authenticated,REFERENCES,f
external_services,authenticated,SELECT,f
external_services,authenticated,TRIGGER,f
external_services,authenticated,TRUNCATE,f
external_services,authenticated,UPDATE,f
external_services,postgres,DELETE,f
external_services,postgres,INSERT,f
external_services,postgres,MAINTAIN,f
external_services,postgres,REFERENCES,f
external_services,postgres,SELECT,f
external_services,postgres,TRIGGER,f
external_services,postgres,TRUNCATE,f
external_services,postgres,UPDATE,f
external_services,service_role,DELETE,f
external_services,service_role,INSERT,f
external_services,service_role,MAINTAIN,f
external_services,service_role,REFERENCES,f
external_services,service_role,SELECT,f
external_services,service_role,TRIGGER,f
external_services,service_role,TRUNCATE,f
external_services,service_role,UPDATE,f
generated_assets,postgres,DELETE,f
generated_assets,postgres,INSERT,f
generated_assets,postgres,MAINTAIN,f
generated_assets,postgres,REFERENCES,f
generated_assets,postgres,SELECT,f
generated_assets,postgres,TRIGGER,f
generated_assets,postgres,TRUNCATE,f
generated_assets,postgres,UPDATE,f
messages,authenticated,DELETE,f
messages,authenticated,INSERT,f
messages,authenticated,MAINTAIN,f
messages,authenticated,REFERENCES,f
messages,authenticated,SELECT,f
messages,authenticated,TRIGGER,f
messages,authenticated,TRUNCATE,f
messages,authenticated,UPDATE,f
messages,postgres,DELETE,f
messages,postgres,INSERT,f
messages,postgres,MAINTAIN,f
messages,postgres,REFERENCES,f
messages,postgres,SELECT,f
messages,postgres,TRIGGER,f
messages,postgres,TRUNCATE,f
messages,postgres,UPDATE,f
messages,service_role,DELETE,f
messages,service_role,INSERT,f
messages,service_role,MAINTAIN,f
messages,service_role,REFERENCES,f
messages,service_role,SELECT,f
messages,service_role,TRIGGER,f
messages,service_role,TRUNCATE,f
messages,service_role,UPDATE,f
oauth_page_sessions,postgres,DELETE,f
oauth_page_sessions,postgres,INSERT,f
oauth_page_sessions,postgres,MAINTAIN,f
oauth_page_sessions,postgres,REFERENCES,f
oauth_page_sessions,postgres,SELECT,f
oauth_page_sessions,postgres,TRIGGER,f
oauth_page_sessions,postgres,TRUNCATE,f
oauth_page_sessions,postgres,UPDATE,f
oauth_page_sessions,service_role,DELETE,f
oauth_page_sessions,service_role,INSERT,f
oauth_page_sessions,service_role,MAINTAIN,f
oauth_page_sessions,service_role,REFERENCES,f
oauth_page_sessions,service_role,SELECT,f
oauth_page_sessions,service_role,TRIGGER,f
oauth_page_sessions,service_role,TRUNCATE,f
oauth_page_sessions,service_role,UPDATE,f
post_analytics,authenticated,MAINTAIN,f
post_analytics,authenticated,REFERENCES,f
post_analytics,authenticated,SELECT,f
post_analytics,authenticated,TRIGGER,f
post_analytics,authenticated,TRUNCATE,f
post_analytics,postgres,DELETE,f
post_analytics,postgres,INSERT,f
post_analytics,postgres,MAINTAIN,f
post_analytics,postgres,REFERENCES,f
post_analytics,postgres,SELECT,f
post_analytics,postgres,TRIGGER,f
post_analytics,postgres,TRUNCATE,f
post_analytics,postgres,UPDATE,f
post_analytics,service_role,DELETE,f
post_analytics,service_role,INSERT,f
post_analytics,service_role,MAINTAIN,f
post_analytics,service_role,REFERENCES,f
post_analytics,service_role,SELECT,f
post_analytics,service_role,TRIGGER,f
post_analytics,service_role,TRUNCATE,f
post_analytics,service_role,UPDATE,f
posts,authenticated,DELETE,f
posts,authenticated,INSERT,f
posts,authenticated,MAINTAIN,f
posts,authenticated,REFERENCES,f
posts,authenticated,SELECT,f
posts,authenticated,TRIGGER,f
posts,authenticated,TRUNCATE,f
posts,authenticated,UPDATE,f
posts,postgres,DELETE,f
posts,postgres,INSERT,f
posts,postgres,MAINTAIN,f
posts,postgres,REFERENCES,f
posts,postgres,SELECT,f
posts,postgres,TRIGGER,f
posts,postgres,TRUNCATE,f
posts,postgres,UPDATE,f
posts,service_role,DELETE,f
posts,service_role,INSERT,f
posts,service_role,MAINTAIN,f
posts,service_role,REFERENCES,f
posts,service_role,SELECT,f
posts,service_role,TRIGGER,f
posts,service_role,TRUNCATE,f
posts,service_role,UPDATE,f
processed_comments,authenticated,DELETE,f
processed_comments,authenticated,INSERT,f
processed_comments,authenticated,MAINTAIN,f
processed_comments,authenticated,REFERENCES,f
processed_comments,authenticated,SELECT,f
processed_comments,authenticated,TRIGGER,f
processed_comments,authenticated,TRUNCATE,f
processed_comments,authenticated,UPDATE,f
processed_comments,postgres,DELETE,f
processed_comments,postgres,INSERT,f
processed_comments,postgres,MAINTAIN,f
processed_comments,postgres,REFERENCES,f
processed_comments,postgres,SELECT,f
processed_comments,postgres,TRIGGER,f
processed_comments,postgres,TRUNCATE,f
processed_comments,postgres,UPDATE,f
processed_comments,service_role,DELETE,f
processed_comments,service_role,INSERT,f
processed_comments,service_role,MAINTAIN,f
processed_comments,service_role,REFERENCES,f
processed_comments,service_role,SELECT,f
processed_comments,service_role,TRIGGER,f
processed_comments,service_role,TRUNCATE,f
processed_comments,service_role,UPDATE,f
published_posts,authenticated,MAINTAIN,f
published_posts,authenticated,REFERENCES,f
published_posts,authenticated,SELECT,f
published_posts,authenticated,TRIGGER,f
published_posts,authenticated,TRUNCATE,f
published_posts,postgres,DELETE,f
published_posts,postgres,INSERT,f
published_posts,postgres,MAINTAIN,f
published_posts,postgres,REFERENCES,f
published_posts,postgres,SELECT,f
published_posts,postgres,TRIGGER,f
published_posts,postgres,TRUNCATE,f
published_posts,postgres,UPDATE,f
published_posts,service_role,DELETE,f
published_posts,service_role,INSERT,f
published_posts,service_role,MAINTAIN,f
published_posts,service_role,REFERENCES,f
published_posts,service_role,SELECT,f
published_posts,service_role,TRIGGER,f
published_posts,service_role,TRUNCATE,f
published_posts,service_role,UPDATE,f
social_accounts,authenticated,DELETE,f
social_accounts,authenticated,INSERT,f
social_accounts,authenticated,MAINTAIN,f
social_accounts,authenticated,REFERENCES,f
social_accounts,authenticated,SELECT,f
social_accounts,authenticated,TRIGGER,f
social_accounts,authenticated,TRUNCATE,f
social_accounts,authenticated,UPDATE,f
social_accounts,postgres,DELETE,f
social_accounts,postgres,INSERT,f
social_accounts,postgres,MAINTAIN,f
social_accounts,postgres,REFERENCES,f
social_accounts,postgres,SELECT,f
social_accounts,postgres,TRIGGER,f
social_accounts,postgres,TRUNCATE,f
social_accounts,postgres,UPDATE,f
social_accounts,service_role,DELETE,f
social_accounts,service_role,INSERT,f
social_accounts,service_role,MAINTAIN,f
social_accounts,service_role,REFERENCES,f
social_accounts,service_role,SELECT,f
social_accounts,service_role,TRIGGER,f
social_accounts,service_role,TRUNCATE,f
social_accounts,service_role,UPDATE,f
webhook_events,postgres,DELETE,f
webhook_events,postgres,INSERT,f
webhook_events,postgres,MAINTAIN,f
webhook_events,postgres,REFERENCES,f
webhook_events,postgres,SELECT,f
webhook_events,postgres,TRIGGER,f
webhook_events,postgres,TRUNCATE,f
webhook_events,postgres,UPDATE,f
webhook_events,service_role,DELETE,f
webhook_events,service_role,INSERT,f
webhook_events,service_role,MAINTAIN,f
webhook_events,service_role,REFERENCES,f
webhook_events,service_role,SELECT,f
webhook_events,service_role,TRIGGER,f
webhook_events,service_role,TRUNCATE,f
webhook_events,service_role,UPDATE,f
workspace_brand_profiles,authenticated,DELETE,f
workspace_brand_profiles,authenticated,INSERT,f
workspace_brand_profiles,authenticated,MAINTAIN,f
workspace_brand_profiles,authenticated,REFERENCES,f
workspace_brand_profiles,authenticated,SELECT,f
workspace_brand_profiles,authenticated,TRIGGER,f
workspace_brand_profiles,authenticated,TRUNCATE,f
workspace_brand_profiles,authenticated,UPDATE,f
workspace_brand_profiles,postgres,DELETE,f
workspace_brand_profiles,postgres,INSERT,f
workspace_brand_profiles,postgres,MAINTAIN,f
workspace_brand_profiles,postgres,REFERENCES,f
workspace_brand_profiles,postgres,SELECT,f
workspace_brand_profiles,postgres,TRIGGER,f
workspace_brand_profiles,postgres,TRUNCATE,f
workspace_brand_profiles,postgres,UPDATE,f
workspace_brand_profiles,service_role,DELETE,f
workspace_brand_profiles,service_role,INSERT,f
workspace_brand_profiles,service_role,MAINTAIN,f
workspace_brand_profiles,service_role,REFERENCES,f
workspace_brand_profiles,service_role,SELECT,f
workspace_brand_profiles,service_role,TRIGGER,f
workspace_brand_profiles,service_role,TRUNCATE,f
workspace_brand_profiles,service_role,UPDATE,f
workspace_members,authenticated,DELETE,f
workspace_members,authenticated,INSERT,f
workspace_members,authenticated,MAINTAIN,f
workspace_members,authenticated,REFERENCES,f
workspace_members,authenticated,SELECT,f
workspace_members,authenticated,TRIGGER,f
workspace_members,authenticated,TRUNCATE,f
workspace_members,authenticated,UPDATE,f
workspace_members,postgres,DELETE,f
workspace_members,postgres,INSERT,f
workspace_members,postgres,MAINTAIN,f
workspace_members,postgres,REFERENCES,f
workspace_members,postgres,SELECT,f
workspace_members,postgres,TRIGGER,f
workspace_members,postgres,TRUNCATE,f
workspace_members,postgres,UPDATE,f
workspace_members,service_role,DELETE,f
workspace_members,service_role,INSERT,f
workspace_members,service_role,MAINTAIN,f
workspace_members,service_role,REFERENCES,f
workspace_members,service_role,SELECT,f
workspace_members,service_role,TRIGGER,f
workspace_members,service_role,TRUNCATE,f
workspace_members,service_role,UPDATE,f
workspace_settings,authenticated,DELETE,f
workspace_settings,authenticated,INSERT,f
workspace_settings,authenticated,MAINTAIN,f
workspace_settings,authenticated,REFERENCES,f
workspace_settings,authenticated,SELECT,f
workspace_settings,authenticated,TRIGGER,f
workspace_settings,authenticated,TRUNCATE,f
workspace_settings,authenticated,UPDATE,f
workspace_settings,postgres,DELETE,f
workspace_settings,postgres,INSERT,f
workspace_settings,postgres,MAINTAIN,f
workspace_settings,postgres,REFERENCES,f
workspace_settings,postgres,SELECT,f
workspace_settings,postgres,TRIGGER,f
workspace_settings,postgres,TRUNCATE,f
workspace_settings,postgres,UPDATE,f
workspace_settings,service_role,DELETE,f
workspace_settings,service_role,INSERT,f
workspace_settings,service_role,MAINTAIN,f
workspace_settings,service_role,REFERENCES,f
workspace_settings,service_role,SELECT,f
workspace_settings,service_role,TRIGGER,f
workspace_settings,service_role,TRUNCATE,f
workspace_settings,service_role,UPDATE,f
workspaces,authenticated,DELETE,f
workspaces,authenticated,INSERT,f
workspaces,authenticated,MAINTAIN,f
workspaces,authenticated,REFERENCES,f
workspaces,authenticated,SELECT,f
workspaces,authenticated,TRIGGER,f
workspaces,authenticated,TRUNCATE,f
workspaces,authenticated,UPDATE,f
workspaces,postgres,DELETE,f
workspaces,postgres,INSERT,f
workspaces,postgres,MAINTAIN,f
workspaces,postgres,REFERENCES,f
workspaces,postgres,SELECT,f
workspaces,postgres,TRIGGER,f
workspaces,postgres,TRUNCATE,f
workspaces,postgres,UPDATE,f
workspaces,service_role,DELETE,f
workspaces,service_role,INSERT,f
workspaces,service_role,MAINTAIN,f
workspaces,service_role,REFERENCES,f
workspaces,service_role,SELECT,f
workspaces,service_role,TRIGGER,f
workspaces,service_role,TRUNCATE,f
workspaces,service_role,UPDATE,f
